tags_count,q_with_a_7days,q_with_a_7days_rate
1,1902620,0.8281943541819109
2,4158710,0.820141912785561
3,4477571,0.8019823650859581
4,3023024,0.7870248924911184
5,1949466,0.76517462535423553
6,88,0.70967741935483875
